{"axis":0.49975270574855774,"canonical":[[-1,0],[-0.9996,-0.0575],[-0.9866,-0.1144],[-0.9605,-0.1692],[-0.925,-0.2214],[-0.8874,-0.2721],[-0.8451,-0.3209],[-0.8043,-0.3703],[-0.762,-0.4204],[-0.7188,-0.4727],[-0.6757,-0.5295],[-0.6267,-0.5886],[-0.5731,-0.6527],[-0.5134,-0.724],[-0.4415,-0.7977],[-0.3543,-0.8696],[-0.2497,-0.9314],[-0.13,-0.9769],[0,-0.9846],[0.13,-0.9769],[0.2497,-0.9314],[0.3543,-0.8696],[0.4415,-0.7977],[0.5134,-0.724],[0.5731,-0.6527],[0.6267,-0.5886],[0.6757,-0.5295],[0.7188,-0.4727],[0.762,-0.4204],[0.8043,-0.3703],[0.8451,-0.3209],[0.8874,-0.2721],[0.925,-0.2214],[0.9605,-0.1692],[0.9866,-0.1144],[0.9996,-0.0575],[1,0],[0.9896,0.0569],[0.9607,0.1114],[0.9264,0.1632],[0.887,0.2123],[0.8449,0.2591],[0.7985,0.3032],[0.7557,0.348],[0.7089,0.3911],[0.6642,0.4368],[0.614,0.4812],[0.5666,0.5321],[0.5149,0.5865],[0.4602,0.6491],[0.4,0.7227],[0.3311,0.8126],[0.2445,0.9119],[0.1311,0.9853],[0,1],[-0.1311,0.9853],[-0.2445,0.9119],[-0.3311,0.8126],[-0.4,0.7227],[-0.4602,0.6491],[-0.5149,0.5865],[-0.5666,0.5321],[-0.614,0.4812],[-0.6642,0.4368],[-0.7089,0.3911],[-0.7557,0.348],[-0.7985,0.3032],[-0.8449,0.2591],[-0.887,0.2123],[-0.9264,0.1632],[-0.9607,0.1114],[-0.9896,0.0569]],"diamonds":[{"cx":0.4996589465700702,"cy":0.1907939526910851,"w":0.05844845908607864,"h":0.05502392344497608,"loop":[[0.4984,0.162],[0.5037,0.1625],[0.5077,0.1645],[0.5107,0.1671],[0.5132,0.1698],[0.5156,0.1725],[0.5181,0.1753],[0.5206,0.178],[0.5232,0.1807],[0.5256,0.1834],[0.5277,0.1862],[0.529,0.1892],[0.5293,0.1923],[0.5286,0.1953],[0.5274,0.1983],[0.526,0.2013],[0.525,0.2043],[0.5245,0.2073],[0.5238,0.2104],[0.5208,0.2126],[0.516,0.2113],[0.5121,0.2091],[0.5086,0.2068],[0.5049,0.2045],[0.5003,0.203],[0.4954,0.2041],[0.4916,0.2062],[0.4881,0.2086],[0.4845,0.2109],[0.4802,0.2128],[0.4758,0.2122],[0.4749,0.2091],[0.4747,0.2061],[0.4742,0.203],[0.4732,0.2],[0.4719,0.197],[0.4708,0.194],[0.4704,0.191],[0.4711,0.1879],[0.4728,0.185],[0.475,0.1822],[0.4775,0.1795],[0.4801,0.1768],[0.4827,0.1741],[0.4853,0.1714],[0.4879,0.1687],[0.4906,0.1661],[0.4939,0.1636]]},{"cx":0.49908306397821955,"cy":0.22194929235500416,"w":0.028692879914984058,"h":0.02452153110047847,"loop":[[0.498,0.208],[0.5007,0.2079],[0.5031,0.2086],[0.5051,0.2097],[0.5066,0.2109],[0.508,0.2123],[0.5092,0.2137],[0.5103,0.2151],[0.511,0.2166],[0.5114,0.2181],[0.5115,0.2196],[0.5116,0.2212],[0.5118,0.2227],[0.5122,0.2242],[0.5129,0.2257],[0.5135,0.2272],[0.5141,0.2287],[0.5141,0.2303],[0.5128,0.2315],[0.5102,0.2315],[0.5078,0.2307],[0.5057,0.2297],[0.5038,0.2286],[0.5017,0.2277],[0.4991,0.2273],[0.4967,0.228],[0.4947,0.2291],[0.4929,0.2302],[0.4909,0.2313],[0.4888,0.2323],[0.4863,0.2328],[0.4841,0.2321],[0.4836,0.2306],[0.484,0.2291],[0.4847,0.2276],[0.4854,0.2261],[0.4861,0.2246],[0.4868,0.2231],[0.4874,0.2216],[0.4879,0.2201],[0.4884,0.2186],[0.4889,0.217],[0.4894,0.2155],[0.4901,0.214],[0.491,0.2126],[0.4923,0.2112],[0.4938,0.21],[0.4957,0.2088]]},{"cx":0.4998859951813884,"cy":0.24871211733050236,"w":0.022316684378320937,"h":0.019736842105263157,"loop":[[0.498,0.2381],[0.5,0.2379],[0.5019,0.2382],[0.5034,0.2389],[0.5046,0.2398],[0.5056,0.2408],[0.5066,0.2417],[0.5075,0.2427],[0.5084,0.2437],[0.5093,0.2447],[0.5101,0.2457],[0.511,0.2468],[0.5118,0.2478],[0.5124,0.2488],[0.5127,0.25],[0.5126,0.2511],[0.512,0.2522],[0.5112,0.2532],[0.5102,0.2541],[0.5091,0.2551],[0.5078,0.2559],[0.5064,0.2567],[0.5051,0.2576],[0.5036,0.2583],[0.5019,0.2589],[0.4999,0.259],[0.4981,0.2586],[0.4965,0.2579],[0.4951,0.2571],[0.4936,0.2564],[0.4921,0.2556],[0.4906,0.2549],[0.4893,0.254],[0.4882,0.2531],[0.4874,0.252],[0.4871,0.2509],[0.487,0.2498],[0.4873,0.2487],[0.4878,0.2476],[0.4886,0.2466],[0.4894,0.2456],[0.4904,0.2446],[0.4914,0.2436],[0.4923,0.2426],[0.4933,0.2417],[0.4942,0.2407],[0.4952,0.2397],[0.4965,0.2388]]},{"cx":0.4992514726585974,"cy":0.2717449419342174,"w":0.024442082890541977,"h":0.025119617224880382,"loop":[[0.4964,0.2593],[0.4986,0.2589],[0.5009,0.2591],[0.5031,0.2596],[0.5049,0.2604],[0.5062,0.2615],[0.5074,0.2627],[0.5084,0.2639],[0.5095,0.265],[0.5105,0.2662],[0.5114,0.2675],[0.512,0.2687],[0.5124,0.2701],[0.5123,0.2714],[0.5117,0.2727],[0.5109,0.2739],[0.5101,0.2751],[0.5093,0.2764],[0.5085,0.2776],[0.5075,0.2788],[0.5066,0.2801],[0.5056,0.2813],[0.5046,0.2825],[0.5035,0.2836],[0.502,0.2846],[0.4999,0.2851],[0.4978,0.2846],[0.4962,0.2836],[0.4951,0.2825],[0.4941,0.2813],[0.493,0.2801],[0.4919,0.2789],[0.4906,0.2778],[0.4889,0.2769],[0.4872,0.276],[0.4858,0.2749],[0.4853,0.2736],[0.4854,0.2723],[0.4859,0.271],[0.4865,0.2697],[0.4873,0.2685],[0.4881,0.2673],[0.4891,0.2661],[0.4902,0.2649],[0.4912,0.2637],[0.4923,0.2625],[0.4934,0.2613],[0.4947,0.2602]]},{"cx":0.5002243947443645,"cy":0.3035102947524488,"w":0.031880977683315624,"h":0.035287081339712915,"loop":[[0.4965,0.2866],[0.4996,0.2862],[0.5026,0.2866],[0.5051,0.2876],[0.5072,0.2889],[0.509,0.2904],[0.5106,0.2919],[0.5121,0.2934],[0.5136,0.295],[0.5149,0.2966],[0.5161,0.2982],[0.517,0.2999],[0.5174,0.3016],[0.5175,0.3034],[0.5172,0.3051],[0.5167,0.3069],[0.5156,0.3085],[0.5139,0.31],[0.5119,0.3113],[0.5101,0.3127],[0.5086,0.3143],[0.5073,0.3159],[0.5061,0.3175],[0.5048,0.3191],[0.5031,0.3206],[0.5007,0.3216],[0.4978,0.3211],[0.496,0.3197],[0.4946,0.3181],[0.4933,0.3165],[0.4921,0.3149],[0.4907,0.3133],[0.4891,0.3118],[0.4873,0.3104],[0.4856,0.3089],[0.4844,0.3073],[0.4837,0.3056],[0.4834,0.3039],[0.4833,0.3021],[0.4836,0.3003],[0.4843,0.2986],[0.4853,0.297],[0.4866,0.2954],[0.4879,0.2938],[0.4893,0.2922],[0.4908,0.2906],[0.4923,0.2891],[0.4941,0.2877]]},{"cx":0.5003073941410711,"cy":0.33575119650038654,"w":0.023379383634431455,"h":0.03110047846889952,"loop":[[0.5034,0.3209],[0.5061,0.3213],[0.508,0.3223],[0.5094,0.3237],[0.5105,0.3251],[0.5113,0.3266],[0.512,0.3281],[0.5127,0.3296],[0.5132,0.3311],[0.5136,0.3327],[0.5136,0.3342],[0.5132,0.3357],[0.5123,0.3372],[0.5113,0.3387],[0.5103,0.3401],[0.5094,0.3416],[0.5085,0.343],[0.5076,0.3445],[0.5067,0.346],[0.5059,0.3474],[0.5049,0.3489],[0.5039,0.3503],[0.5024,0.3516],[0.5001,0.3524],[0.4977,0.3517],[0.4962,0.3505],[0.4951,0.349],[0.4942,0.3476],[0.4934,0.3461],[0.4926,0.3446],[0.4919,0.3431],[0.491,0.3416],[0.4902,0.3402],[0.4893,0.3387],[0.4885,0.3372],[0.4878,0.3357],[0.4873,0.3342],[0.4873,0.3326],[0.4875,0.3311],[0.4879,0.3296],[0.4886,0.328],[0.4894,0.3266],[0.4903,0.3251],[0.4915,0.3237],[0.493,0.3224],[0.4952,0.3215],[0.4979,0.3212],[0.5007,0.321]]},{"cx":0.500192413362908,"cy":0.37409324727746107,"w":0.020191285866099893,"h":0.034688995215311005,"loop":[[0.4987,0.3571],[0.5013,0.3571],[0.5033,0.3582],[0.5047,0.3596],[0.5057,0.361],[0.5066,0.3625],[0.5074,0.3641],[0.5082,0.3656],[0.509,0.3671],[0.5098,0.3686],[0.5106,0.3701],[0.5112,0.3717],[0.5115,0.3733],[0.5114,0.3749],[0.5109,0.3764],[0.5102,0.3779],[0.5093,0.3794],[0.5083,0.3809],[0.5073,0.3824],[0.5063,0.3839],[0.5055,0.3854],[0.5046,0.3869],[0.5039,0.3884],[0.503,0.39],[0.5016,0.3913],[0.4991,0.3914],[0.4976,0.39],[0.4967,0.3885],[0.4959,0.387],[0.4952,0.3855],[0.4943,0.384],[0.4934,0.3825],[0.4923,0.381],[0.4913,0.3795],[0.4903,0.3781],[0.4894,0.3765],[0.4888,0.375],[0.4887,0.3734],[0.4889,0.3718],[0.4896,0.3703],[0.4904,0.3688],[0.4913,0.3673],[0.4921,0.3658],[0.4929,0.3642],[0.4938,0.3627],[0.4946,0.3612],[0.4956,0.3597],[0.4968,0.3583]]},{"cx":0.4999161935879358,"cy":0.41392129269826844,"w":0.019128586609989374,"h":0.03229665071770335,