{"axis":0.4919258975231084,"canonical":[[0.015,-1],[0.0847,-0.9269],[0.1544,-0.8538],[0.2242,-0.7808],[0.2939,-0.7077],[0.3636,-0.6346],[0.4333,-0.5615],[0.503,-0.4884],[0.5728,-0.4154],[0.6425,-0.3423],[0.7122,-0.2692],[0.7819,-0.1961],[0.8516,-0.1231],[0.9214,-0.05],[0.9911,0.0231],[0.9189,0.0922],[0.8467,0.1613],[0.7746,0.2304],[0.7024,0.2995],[0.6302,0.3687],[0.558,0.4378],[0.4859,0.5069],[0.4137,0.576],[0.3415,0.6451],[0.2693,0.7142],[0.1972,0.7833],[0.125,0.8524],[0.0528,0.9215],[-0.0193,0.9907],[-0.0894,0.9226],[-0.1594,0.8546],[-0.2295,0.7866],[-0.2995,0.7186],[-0.3696,0.6506],[-0.4396,0.5826],[-0.5097,0.5146],[-0.5797,0.4466],[-0.6498,0.3786],[-0.7198,0.3105],[-0.7899,0.2425],[-0.8599,0.1745],[-0.93,0.1065],[-1,0.0385],[-0.9275,-0.0357],[-0.855,-0.1099],[-0.7825,-0.184],[-0.71,-0.2582],[-0.6375,-0.3324],[-0.565,-0.4066],[-0.4925,-0.4807],[-0.42,-0.5549],[-0.3475,-0.6291],[-0.275,-0.7033],[-0.2025,-0.7775],[-0.13,-0.8516],[-0.0575,-0.9258]],"diamonds":[{"cx":0.4901394930042456,"cy":0.16867724616076898,"w":0.019128586609989374,"h":0.022727272727272728,"loop":[[0.4882,0.1552],[0.4899,0.155],[0.4915,0.1552],[0.4926,0.156],[0.4932,0.1569],[0.4938,0.1578],[0.4943,0.1588],[0.4949,0.1597],[0.4954,0.1607],[0.496,0.1616],[0.4965,0.1625],[0.4972,0.1634],[0.4979,0.1643],[0.4984,0.1653],[0.4988,0.1662],[0.4995,0.1671],[0.5002,0.168],[0.5007,0.169],[0.5012,0.1699],[0.5015,0.1709],[0.5016,0.1719],[0.5015,0.1728],[0.5009,0.1737],[0.4995,0.1744],[0.4989,0.1752],[0.4992,0.1762],[0.4994,0.1772],[0.4994,0.1782],[0.4989,0.1791],[0.4973,0.1794],[0.4955,0.1794],[0.4938,0.1793],[0.4921,0.1796],[0.4905,0.1799],[0.4888,0.1799],[0.4871,0.1797],[0.4854,0.1795],[0.4836,0.1794],[0.4821,0.179],[0.4815,0.1781],[0.4814,0.1772],[0.4814,0.1762],[0.4814,0.1752],[0.481,0.1742],[0.4798,0.1735],[0.4786,0.1728],[0.4782,0.1719],[0.4784,0.1709],[0.4789,0.17],[0.4794,0.169],[0.48,0.1681],[0.4805,0.1672],[0.4811,0.1662],[0.4816,0.1653],[0.4822,0.1644],[0.4827,0.1634],[0.4834,0.1625],[0.4841,0.1616],[0.4847,0.1607],[0.4853,0.1598],[0.4858,0.1588],[0.4863,0.1579],[0.4867,0.1569],[0.4872,0.156]]},{"cx":0.48983133286702907,"cy":0.20106353955256673,"w":0.023379383634431455,"h":0.03110047846889952,"loop":[[0.4881,0.1845],[0.4902,0.1843],[0.492,0.1848],[0.4932,0.1858],[0.494,0.1869],[0.4947,0.188],[0.4955,0.1891],[0.4963,0.1902],[0.4971,0.1913],[0.4979,0.1924],[0.4986,0.1935],[0.4994,0.1946],[0.5002,0.1957],[0.501,0.1968],[0.5018,0.1979],[0.5027,0.199],[0.5034,0.2001],[0.5037,0.2013],[0.5036,0.2024],[0.5031,0.2036],[0.5023,0.2047],[0.5016,0.2058],[0.5008,0.2069],[0.4999,0.208],[0.499,0.2091],[0.4983,0.2102],[0.4974,0.2113],[0.4965,0.2123],[0.4957,0.2134],[0.4949,0.2145],[0.4942,0.2156],[0.4931,0.2166],[0.4916,0.2174],[0.4896,0.2176],[0.4876,0.2172],[0.4864,0.2163],[0.4856,0.2152],[0.4848,0.2141],[0.4839,0.213],[0.4829,0.2119],[0.482,0.2109],[0.4811,0.2098],[0.4803,0.2087],[0.4795,0.2076],[0.4786,0.2065],[0.4778,0.2055],[0.477,0.2043],[0.4765,0.2032],[0.4762,0.202],[0.4762,0.2008],[0.4765,0.1997],[0.4772,0.1985],[0.478,0.1975],[0.4787,0.1964],[0.4795,0.1952],[0.4803,0.1941],[0.4811,0.1931],[0.4818,0.1919],[0.4827,0.1909],[0.4836,0.1898],[0.4844,0.1887],[0.4851,0.1876],[0.4859,0.1865],[0.4868,0.1854]]},{"cx":0.4899179720222611,"cy":0.2396694729780713,"w":0.023379383634431455,"h":0.031698564593301434,"loop":[[0.4883,0.2228],[0.4903,0.2226],[0.4921,0.2232],[0.4931,0.2243],[0.4939,0.2254],[0.4947,0.2265],[0.4954,0.2276],[0.4963,0.2287],[0.497,0.2298],[0.4978,0.231],[0.4986,0.2321],[0.4994,0.2332],[0.5002,0.2343],[0.501,0.2354],[0.5018,0.2365],[0.5026,0.2376],[0.5033,0.2387],[0.5036,0.2399],[0.5036,0.2411],[0.5033,0.2423],[0.5026,0.2434],[0.5019,0.2446],[0.501,0.2456],[0.5001,0.2467],[0.4993,0.2478],[0.4985,0.249],[0.4976,0.25],[0.4966,0.2511],[0.4957,0.2522],[0.4948,0.2533],[0.494,0.2544],[0.4931,0.2555],[0.4917,0.2563],[0.4896,0.2564],[0.4878,0.2559],[0.4866,0.2549],[0.4856,0.2538],[0.4847,0.2528],[0.4837,0.2517],[0.4827,0.2506],[0.4819,0.2495],[0.4812,0.2484],[0.4803,0.2473],[0.4794,0.2462],[0.4785,0.2452],[0.4776,0.2441],[0.4769,0.2429],[0.4764,0.2418],[0.4761,0.2406],[0.4763,0.2394],[0.4768,0.2382],[0.4776,0.2371],[0.4784,0.236],[0.4792,0.2349],[0.48,0.2338],[0.4807,0.2327],[0.4814,0.2315],[0.4821,0.2304],[0.483,0.2293],[0.4839,0.2282],[0.4847,0.2271],[0.4855,0.226],[0.4863,0.2249],[0.4871,0.2238]]},{"cx":0.49003655164523735,"cy":0.28032413008726703,"w":0.023379383634431455,"h":0.03289473684210526,"loop":[[0.4883,0.2629],[0.4904,0.2627],[0.4922,0.2634],[0.4933,0.2644],[0.4942,0.2656],[0.495,0.2667],[0.4958,0.2679],[0.4966,0.269],[0.4974,0.2701],[0.4982,0.2713],[0.499,0.2724],[0.4999,0.2736],[0.5007,0.2747],[0.5015,0.2759],[0.5023,0.277],[0.503,0.2782],[0.5035,0.2794],[0.5037,0.2806],[0.5037,0.2818],[0.5034,0.2831],[0.5028,0.2842],[0.5018,0.2854],[0.5009,0.2865],[0.5001,0.2876],[0.4993,0.2888],[0.4983,0.2899],[0.4975,0.291],[0.4967,0.2922],[0.4958,0.2933],[0.4949,0.2944],[0.4941,0.2956],[0.4933,0.2967],[0.4918,0.2976],[0.4897,0.2977],[0.4878,0.2972],[0.4866,0.2962],[0.4857,0.295],[0.485,0.2939],[0.4841,0.2927],[0.4831,0.2916],[0.4823,0.2905],[0.4815,0.2893],[0.4806,0.2882],[0.4796,0.2871],[0.4787,0.286],[0.4779,0.2848],[0.4771,0.2837],[0.4764,0.2825],[0.4761,0.2813],[0.4763,0.2801],[0.4767,0.2789],[0.4774,0.2777],[0.4781,0.2765],[0.4789,0.2754],[0.4797,0.2742],[0.4805,0.2731],[0.4812,0.2719],[0.482,0.2707],[0.4829,0.2696],[0.4838,0.2685],[0.4846,0.2674],[0.4854,0.2662],[0.4862,0.2651],[0.487,0.2639]]},{"cx":0.4903553647044602,"cy":0.32337154104889065,"w":0.024442082890541977,"h":0.03289473684210526,"loop":[[0.4883,0.306],[0.4904,0.3058],[0.4924,0.3063],[0.4936,0.3073],[0.4945,0.3084],[0.4953,0.3096],[0.4961,0.3107],[0.4969,0.3119],[0.4977,0.3131],[0.4985,0.3142],[0.4994,0.3154],[0.5002,0.3165],[0.501,0.3177],[0.5018,0.3188],[0.5027,0.32],[0.5035,0.3211],[0.5042,0.3223],[0.5047,0.3235],[0.5047,0.3248],[0.5043,0.326],[0.5035,0.3271],[0.5025,0.3283],[0.5017,0.3294],[0.5009,0.3306],[0.5,0.3317],[0.4992,0.3329],[0.4984,0.334],[0.4974,0.3351],[0.4964,0.3362],[0.4955,0.3374],[0.4946,0.3385],[0.4937,0.3396],[0.4923,0.3406],[0.4902,0.3408],[0.4882,0.3404],[0.4869,0.3394],[0.4861,0.3383],[0.4852,0.3371],[0.4842,0.336],[0.4833,0.3349],[0.4825,0.3337],[0.4816,0.3326],[0.4807,0.3314],[0.4798,0.3303],[0.479,0.3292],[0.4782,0.328],[0.4772,0.3269],[0.4765,0.3257],[0.4762,0.3245],[0.4763,0.3232],[0.4767,0.322],[0.4774,0.3208],[0.4782,0.3197],[0.479,0.3185],[0.4797,0.3174],[0.4805,0.3162],[0.4813,0.315],[0.4821,0.3139],[0.4829,0.3127],[0.4838,0.3116],[0.4846,0.3104],[0.4853,0.3092],[0.486,0.3081],[0.4869,0.3069]]},{"cx":0.4905371526983485,"cy":0.36756361751626243,"w":0.024442082890541977,"h":0.03409090909090909,"loop":[[0.4892,0.3496],[0.4914,0.3495],[0.4931,0.3502],[0.494,0.3514],[0.4948,0.3526],[0.4956,0.3538],[0.4965,0.3549],[0.4973,0.3561],[0.4982,0.3573],[0.499,0.3585],[0.4998,0.3596],[0.5007,0.3608],[0.5015,0.362],[0.5023,0.3632],[0.5031,0.3644],[0.5038,0.3656],[0.5044,0.3668],[0.5047,0.3681],[0.5046,0.3693],[0.5042,0.3706],[0.5035,0.3718],[0.5026,0.3729],[0.5016,0.3741],[0.5008,0.3753],[0.4999,0.3765],[0.499,0.3776],[0.498,0.3787],[0.497,0.3799],[0.4962,0.3811],[0.4954,0.3823],[0.4944,0.3834],[0.4934,0.3845],[0.492,0.3855],[0.4898,0.3855],[0.4881,0.3847],[0.4871,0.3836],[0.4861,0.3824],[0.4852,0.3813],[0.4844,0.3801],[0.4835,0.3789],[0.4826,0.3778],[0.4815,0.3766],[0.4806,0.3755],[0.4796,0.3743],[0.4788,0.3732],[0.4779,0.372],[0.477,0.3708],[0.4763,0.3696],[0.4761,0.3684],[0.4764,0.3671],[0.4769,0.3659],[0.4777,0.3647],[0.4785,0.3635],[0.4794,0.3623],[0.4802,0.3611],[0.4811,0.36],[0.4818,0.3588],[0.4825,0.3576],[0.4834,0.3564],[0.4843,0.3552],[0.4853,0.3541],[0.486,0.3529],[0.4867,0.3517],[0.4876,0.3505]]},{"cx":0.49088699087407023,"cy":0.41577198724275416,"w":0.025504782146652496,"h":0.034688995215311005,