{"axis":0.4919258975231084,"canonical":[[-1,0],[-0.9848,-0.0689],[-0.9553,-0.1347],[-0.917,-0.1965],[-0.8745,-0.2545],[-0.8282,-0.3088],[-0.7852,-0.3625],[-0.74,-0.4143],[-0.6964,-0.4672],[-0.6496,-0.5194],[-0.6004,-0.5721],[-0.5494,-0.6274],[-0.4941,-0.6842],[-0.4358,-0.7474],[-0.3709,-0.8147],[-0.2957,-0.8824],[-0.2081,-0.9436],[-0.1085,-0.992],[0,-1],[0.1085,-0.992],[0.2081,-0.9436],[0.2957,-0.8824],[0.3709,-0.8147],[0.4358,-0.7474],[0.4941,-0.6842],[0.5494,-0.6274],[0.6004,-0.5721],[0.6496,-0.5194],[0.6964,-0.4672],[0.74,-0.4143],[0.7852,-0.3625],[0.8282,-0.3088],[0.8745,-0.2545],[0.917,-0.1965],[0.9553,-0.1347],[0.9848,-0.0689],[1,0],[0.9993,0.0699],[0.9827,0.1386],[0.9485,0.2032],[0.908,0.2642],[0.8631,0.3218],[0.8157,0.3766],[0.7666,0.4292],[0.718,0.4818],[0.669,0.5349],[0.6164,0.5874],[0.564,0.6441],[0.5071,0.7023],[0.4447,0.7625],[0.377,0.8282],[0.2986,0.891],[0.2082,0.944],[0.1077,0.9838],[0,0.9897],[-0.1077,0.9838],[-0.2082,0.944],[-0.2986,0.891],[-0.377,0.8282],[-0.4447,0.7625],[-0.5071,0.7023],[-0.564,0.6441],[-0.6164,0.5874],[-0.669,0.5349],[-0.718,0.4818],[-0.7666,0.4292],[-0.8157,0.3766],[-0.8631,0.3218],[-0.908,0.2642],[-0.9485,0.2032],[-0.9827,0.1386],[-0.9993,0.0699]],"diamonds":[{"cx":0.490111638367567,"cy":0.1686207121010458,"w":0.019128586609989374,"h":0.022727272727272728,"loop":[[0.4888,0.1559],[0.4908,0.1558],[0.4924,0.1566],[0.4935,0.1577],[0.4943,0.1588],[0.495,0.16],[0.4957,0.1611],[0.4965,0.1623],[0.4972,0.1634],[0.4979,0.1646],[0.4986,0.1657],[0.4993,0.1669],[0.5,0.168],[0.5006,0.1692],[0.501,0.1704],[0.5011,0.1716],[0.5008,0.1728],[0.5003,0.174],[0.4997,0.1752],[0.4993,0.1764],[0.4988,0.1776],[0.4977,0.1786],[0.4958,0.1792],[0.4937,0.1794],[0.4915,0.1796],[0.4894,0.1797],[0.4872,0.1796],[0.4851,0.1793],[0.4833,0.1787],[0.4821,0.1777],[0.4814,0.1765],[0.4809,0.1753],[0.4802,0.1742],[0.4795,0.173],[0.479,0.1718],[0.479,0.1706],[0.4794,0.1694],[0.4799,0.1682],[0.4806,0.1671],[0.4813,0.1659],[0.482,0.1648],[0.4827,0.1636],[0.4835,0.1625],[0.4842,0.1613],[0.4849,0.1602],[0.4856,0.159],[0.4864,0.1579],[0.4873,0.1568]]},{"cx":0.4898227395687398,"cy":0.20107326788941007,"w":0.023379383634431455,"h":0.03110047846889952,"loop":[[0.4886,0.1854],[0.4912,0.1854],[0.4931,0.1865],[0.4944,0.1878],[0.4955,0.1891],[0.4965,0.1905],[0.4975,0.1919],[0.4985,0.1933],[0.4995,0.1947],[0.5005,0.1961],[0.5015,0.1975],[0.5023,0.1989],[0.5028,0.2004],[0.503,0.2019],[0.5027,0.2034],[0.502,0.2048],[0.5011,0.2062],[0.5001,0.2076],[0.4991,0.209],[0.4981,0.2104],[0.497,0.2118],[0.4959,0.2131],[0.4947,0.2145],[0.4932,0.2157],[0.4911,0.2166],[0.4885,0.2165],[0.4865,0.2156],[0.485,0.2143],[0.4838,0.213],[0.4827,0.2116],[0.4816,0.2103],[0.4805,0.2089],[0.4794,0.2075],[0.4785,0.2061],[0.4776,0.2047],[0.477,0.2033],[0.4767,0.2018],[0.4769,0.2003],[0.4774,0.1988],[0.4781,0.1974],[0.479,0.1959],[0.48,0.1945],[0.481,0.1932],[0.482,0.1918],[0.4831,0.1904],[0.4841,0.189],[0.4853,0.1876],[0.4866,0.1864]]},{"cx":0.4899149484149388,"cy":0.239695417768648,"w":0.023379383634431455,"h":0.031698564593301434,"loop":[[0.4888,0.2237],[0.4913,0.2238],[0.4931,0.2249],[0.4944,0.2263],[0.4955,0.2277],[0.4965,0.2291],[0.4975,0.2305],[0.4985,0.2319],[0.4995,0.2333],[0.5005,0.2347],[0.5014,0.2361],[0.5022,0.2376],[0.5028,0.239],[0.503,0.2406],[0.5028,0.2421],[0.5022,0.2435],[0.5014,0.245],[0.5004,0.2464],[0.4993,0.2478],[0.4982,0.2492],[0.4971,0.2505],[0.4959,0.2519],[0.4947,0.2533],[0.4932,0.2545],[0.4911,0.2554],[0.4885,0.2553],[0.4865,0.2543],[0.4851,0.253],[0.4838,0.2517],[0.4826,0.2503],[0.4815,0.249],[0.4804,0.2476],[0.4794,0.2462],[0.4784,0.2448],[0.4775,0.2433],[0.4769,0.2419],[0.4768,0.2403],[0.477,0.2388],[0.4777,0.2374],[0.4785,0.2359],[0.4794,0.2345],[0.4804,0.2331],[0.4814,0.2317],[0.4824,0.2303],[0.4834,0.2289],[0.4844,0.2275],[0.4855,0.2261],[0.4869,0.2248]]},{"cx":0.490037065781251,"cy":0.28034228638888103,"w":0.023379383634431455,"h":0.03289473684210526,"loop":[[0.4888,0.2638],[0.4914,0.264],[0.4933,0.2651],[0.4947,0.2665],[0.4958,0.2679],[0.4968,0.2693],[0.4979,0.2708],[0.4989,0.2722],[0.4999,0.2737],[0.5009,0.2751],[0.5018,0.2766],[0.5026,0.2781],[0.5031,0.2797],[0.5032,0.2812],[0.5029,0.2828],[0.5023,0.2843],[0.5014,0.2858],[0.5004,0.2872],[0.4993,0.2887],[0.4982,0.2901],[0.4971,0.2916],[0.496,0.293],[0.4948,0.2944],[0.4934,0.2957],[0.4913,0.2967],[0.4887,0.2966],[0.4867,0.2955],[0.4853,0.2942],[0.4841,0.2928],[0.483,0.2913],[0.4819,0.2899],[0.4807,0.2885],[0.4796,0.287],[0.4786,0.2856],[0.4777,0.2841],[0.4771,0.2826],[0.4768,0.281],[0.477,0.2795],[0.4775,0.2779],[0.4783,0.2764],[0.4792,0.275],[0.4802,0.2735],[0.4812,0.272],[0.4822,0.2706],[0.4832,0.2691],[0.4843,0.2677],[0.4855,0.2663],[0.4868,0.2649]]},{"cx":0.4903565009120734,"cy":0.32339269983037733,"w":0.024442082890541977,"h":0.03289473684210526,"loop":[[0.4888,0.3069],[0.4915,0.3069],[0.4935,0.308],[0.4949,0.3094],[0.4961,0.3108],[0.4972,0.3123],[0.4982,0.3137],[0.4992,0.3152],[0.5003,0.3166],[0.5013,0.3181],[0.5023,0.3196],[0.5032,0.3211],[0.5038,0.3226],[0.504,0.3242],[0.5037,0.3257],[0.5031,0.3273],[0.5022,0.3287],[0.5011,0.3302],[0.5001,0.3317],[0.499,0.3331],[0.4978,0.3346],[0.4967,0.336],[0.4954,0.3374],[0.4939,0.3387],[0.4918,0.3397],[0.4891,0.3398],[0.487,0.3387],[0.4855,0.3374],[0.4843,0.336],[0.4831,0.3346],[0.482,0.3331],[0.4809,0.3317],[0.4798,0.3302],[0.4787,0.3288],[0.4778,0.3273],[0.4771,0.3258],[0.4768,0.3242],[0.477,0.3226],[0.4776,0.3211],[0.4784,0.3196],[0.4793,0.3181],[0.4803,0.3166],[0.4813,0.3151],[0.4823,0.3137],[0.4833,0.3122],[0.4843,0.3107],[0.4854,0.3093],[0.4868,0.3079]]},{"cx":0.49054452680098753,"cy":0.3675848487042719,"w":0.024442082890541977,"h":0.03409090909090909,"loop":[[0.4895,0.3506],[0.4922,0.3508],[0.494,0.352],[0.4953,0.3535],[0.4965,0.3549],[0.4975,0.3564],[0.4986,0.3579],[0.4996,0.3594],[0.5007,0.3609],[0.5017,0.3624],[0.5026,0.3639],[0.5034,0.3655],[0.5039,0.367],[0.5041,0.3686],[0.5038,0.3702],[0.5031,0.3718],[0.5022,0.3733],[0.5011,0.3748],[0.5,0.3763],[0.4988,0.3777],[0.4977,0.3792],[0.4965,0.3807],[0.4953,0.3821],[0.4938,0.3835],[0.4916,0.3845],[0.4889,0.3842],[0.487,0.383],[0.4856,0.3816],[0.4844,0.3802],[0.4832,0.3787],[0.4821,0.3772],[0.4809,0.3758],[0.4797,0.3743],[0.4786,0.3728],[0.4777,0.3713],[0.4771,0.3698],[0.4769,0.3682],[0.4771,0.3666],[0.4778,0.365],[0.4786,0.3635],[0.4796,0.362],[0.4806,0.3605],[0.4817,0.359],[0.4827,0.3575],[0.4838,0.356],[0.4849,0.3545],[0.486,0.353],[0.4875,0.3516]]},{"cx":0.4908811628382478,"cy":0.41579312220836373,"w":0.025504782146652496,"h":0.034688995215311005,"loop":[[0.4898,0.3985],[0.4925,0.3988],[0.4943,0.4],[0.4956,0.4015],[0.4967,0.403],[0.4978,0.4045],[0.4989,0.406],[0.5,0.4075],[0.5011,0.409],[0.5022,0.4105],[0.5032,0.412],[0.5041,0.4136],[0.5047,0.4152],[0.5048,0.4168],[0.5045,0.4184],[0.5037,0.42],[0.5027,0.4215],[0.5016,0.423],[0.5004,0.4245],[0.4992,0.426],[0.4981,0.4275],[0.4969,0.429],[0.4957,0.4305],[0.4942,0.4318],[0.492,0.4329],[0.4892,0.4327],[0.4873,0.4315],[0.4858,0.4301],[0.4846,0.4286],[0.4834,0.4271],[0.4822,0.4257],[0.481,0.4242],[0.4799,0.4227],[0.4788,0.4212],[0.4779,0.4196],[0.4772,0.418],[0.477,0.4164],[0.4773,0.4148],[0.4779,0.4132],[0.4788,0.4116],[0.4798,0.4101],[0.4809,0.4086],[0.482,0.4071],[0.483,0.4056],[0.4841,0.4041],[0.4852,0.4026],[0.4864,0.4011],[0.4878,0.3996]]},{"cx":0.4911282478101484,"cy":0.46726441121505313,"w":0.025504782146652496,"h":0.034688995215311005,